feature,mean_abs_shap
speed_xy,0.7425529799935039
dt_gap,0.735045158211693
batt,0.5601603353187783
speed_z,0.5254369095747138
batt_rate,0.3182804899358413
z,0.21857270627543768
