feature,value_scaled,shap_sklearn (+=normal),shap_anomaly (+=anomalous)
speed_xy,3.2763639776543627,-2.5651917609628385,2.5651917609628385
speed_z,-5.720737499697335,-2.12176818525709,2.12176818525709
z,-7.181313136912908,-1.8429341794234213,1.8429341794234213
dt_gap,0.26200646760599855,-0.9238977497655223,0.9238977497655223
batt,-1.900721818055032,-0.8907407015327007,0.8907407015327007
batt_rate,0.00788465176158168,-0.1665132492272998,0.1665132492272998
